OD;Prix d'appel 2nde ;Plein Tarif Loisir 2nde;1ère classe;Commentaires
NIMES-LILLE EUROPE;30.0;144.0;184.0;
MOUTIERS SALINS BRIDES-QUIMPER;30.0;147.0;190.0;
LANDRY-QUIMPER;30.0;147.0;190.0;
TGV HAUTE PICARDIE-AGDE;30.0;150.0;188.0;
TGV HAUTE PICARDIE-SETE;30.0;150.0;188.0;
PARIS GARE DE LYON-TOULON;25.0;121.0;166.0;
PARIS GARE DE LYON-MONTBELIARD;25.0;88.0;119.0;
LIMOGES BENEDICTINS-AEROPORT CDG 2 TGV ROISSY;25.0;88.0;111.0;
CHATEAUROUX-AEROPORT CDG 2 TGV ROISSY;20.0;69.0;86.0;
CHAMBERY CHALLES LES EAUX-MASSY TGV;25.0;103.0;136.0;
MASSY TGV-AIX LES BAINS LE REVARD;25.0;103.0;136.0;
AEROPORT CDG 2 TGV ROISSY-AIX LES BAINS LE REVARD;25.0;103.0;136.0;
NICE VILLE-CHALON SUR SAONE;25.0;116.0;151.0;
BELFORT-MONTBELIARD TGV-LONS LE SAUNIER;15.0;42.0;53.0;
MARSEILLE ST CHARLES-LONS LE SAUNIER;25.0;89.0;119.0;
BESANCON VIOTTE-LILLE EUROPE;20.0;120.0;155.0;
ANGERS ST LAUD-NANCY VILLE;25.0;112.0;148.0;
LE MANS-PARIS MONTPARNASSE 1 ET 2;15.0;60.0;81.0;
LE MANS-MASSY TGV;15.0;60.0;81.0;
AEROPORT CDG 2 TGV ROISSY-ALBERTVILLE;25.0;115.0;154.0;
PARIS NORD-ALBERTVILLE;25.0;115.0;154.0;
MARNE LA VALLEE CHESSY-BOURG ST MAURICE;25.0;118.0;161.0;
ST JEAN DE MAURIENNE ARVAN-MARNE LA VALLEE CHESSY;25.0;111.0;149.0;
MARNE LA VALLEE CHESSY-ST MICHEL VALLOIRE;25.0;113.0;154.0;
MARNE LA VALLEE CHESSY-ANNECY;25.0;104.0;140.0;
MASSY TGV-ANNEMASSE;25.0;108.0;152.0;
MASSY PALAISEAU-VALENCE;25.0;103.0;143.0;
LE TEIL-PARIS GARE DE LYON;25.0;105.0;144.0;
PARIS EST-ST DIE;25.0;86.0;125.0;
MEUSE-LUNEVILLE;;33.0;46.0;
LYON ST EXUPERY-POITIERS;25.0;96.0;135.0;
MACON LOCHE TGV-ORANGE;15.0;51.0;67.0;
MEUSE-REMIREMONT;;46.0;68.0;
AVIGNON TGV-VENTIMIGLIA STAZIONE;20.0;65.0;89.0;
POITIERS-SAVERNE;30.0;137.0;182.0;
ANGOULEME-SAVERNE;30.0;146.0;193.0;
VENDOME VILLIERS SUR LOIR-LYON ST EXUPERY;25.0;95.0;132.0;
LYON ST EXUPERY-BELFORT-MONTBELIARD TGV;15.0;67.0;85.0;
BOURG ST MAURICE-BESANCON FRANCHE-COMTE TGV;20.0;78.0;97.0;
AVIGNON-RENNES;;142.0;180.0;
AVIGNON-BELFORT-MONTBELIARD TGV;;108.0;142.0;
BESANCON VIOTTE-AVIGNON;;91.0;120.0;
AVIGNON-LONS LE SAUNIER;;75.0;96.0;
CAGNES SUR MER-NICE VILLE;;3.9;7.8;
QUIMPERLE-LORIENT;;6.3;9.5;
BOULOGNE VILLE-ETAPLES LE TOUQUET;;8.0;11.9;
BORDEAUX ST JEAN-LIBOURNE;;10.2;14.7;
STRASBOURG-SELESTAT;;10.7;17.0;
CLUSES  74-ANNEMASSE;;11.0;16.0;
LUNEVILLE-SARREBOURG;;11.4;17.5;
GROISY THORENS LA CAILLE-CLUSES  74;;11.9;17.5;
BORDEAUX ST JEAN-LA TESTE;;13.2;19.5;
TOURS-BLOIS;;13.5;19.5;
ST ETIENNE CHATEAUCREUX-LYON PART DIEU;;13.7;20.0;
LYON PERRACHE-MACON LOCHE TGV;;18.5;26.0;
NIMES-AGDE;;20.5;31.0;
CLUSES  74-AIX LES BAINS LE REVARD;;21.5;32.0;
LILLE FLANDRES-TGV HAUTE PICARDIE;;22.5;33.0;
MOUTIERS SALINS BRIDES-AIX LES BAINS LE REVARD;;24.0;36.0;
AVIGNON-MARSEILLE BLANCARDE;;24.5;37.0;
CHAMBERY CHALLES LES EAUX-AIME LA PLAGNE;;25.0;38.0;
BESANCON VIOTTE-BOURG EN BRESSE;;26.5;41.0;
LANDRY-BOURG EN BRESSE;;28.5;38.0;
LANDRY-AIX LES BAINS LE REVARD;;30.0;43.0;
FACTURE BIGANOS-BAYONNE;;31.0;44.0;
LYON ST EXUPERY-ANNEMASSE;;33.0;47.0;
CARCASSONNE-NIMES;;36.0;53.0;
SABLE-LA ROCHE SUR YON;;38.0;53.0;
BOURG EN BRESSE-SALLANCHES COMBLOUX MEGEVE;;38.0;53.0;
SURGERES-ST PIERRE DES CORPS;;38.0;54.0;
BREAUTE BEUZEVILLE-MASSY PALAISEAU;;38.0;54.0;
RANG DU FLIERS VERTON-LILLE EUROPE;;39.0;58.0;
COLMAR-MOUCHARD;;44.0;64.0;
AGEN-ANGOULEME;;45.0;65.0;
BORDEAUX ST JEAN-LOURDES;15.0;45.0;65.0;
ST PERAY-AGDE;15.0;45.0;66.0;
POITIERS-MARMANDE;;58.0;84.0;
BRIVE LA GAILLARDE-LES AUBRAIS ORLEANS;20.0;57.0;86.0;
IRUN-POITIERS;;69.0;101.0;
HENDAYE-FUTUROSCOPE;;70.0;102.0;
ST PIERRE DES CORPS-TARBES;25.0;84.0;122.0;
AIX EN PROVENCE TGV-VENTIMIGLIA STAZIONE;;46.0;69.0;
ST AVRE LA CHAMBRE-MACON LOCHE TGV;;40.0;61.0;
AVIGNON-AGDE;;27.5;42.0;
NIMES-MARNE LA VALLEE CHESSY;25.0;114.0;160.0;
MASSY TGV-LYON ST EXUPERY;25.0;97.0;133.0;
METZ VILLE-LYON ST EXUPERY;20.0;88.0;112.0;
METZ VILLE-LYON PERRACHE;20.0;88.0;112.0;
CULMONT CHALINDREY-cannes;25.0;124.0;161.0;
NEUFCHATEAU-toulouse matabiau;25.0;113.0;146.0;
CULMONT CHALINDREY-NIMES;25.0;80.0;111.0;
paris austerlitz-Surgeres;25.0;89.0;123.0;
PARIS MONTPARNASSE 1 ET 2-FUTUROSCOPE;20.0;75.0;107.0;Tarifs applicables aux circulations jusqu'au 1er juillet 2017
LORIENT-DOUAI;25.0;114.0;150.0;Tarifs applicables aux circulations jusqu'au 1er juillet 2017
AGEN-PARIS MONTPARNASSE 1 ET 2;25.0;108.0;140.0;Tarifs applicables aux circulations jusqu'au 1er juillet 2017
MASSY TGV-LE POULIGUEN;25.0;87.0;126.0;Tarifs applicables aux circulations jusqu'au 1er juillet 2017
MASSY TGV-SURGERES;25.0;89.0;123.0;Tarifs applicables aux circulations jusqu'au 1er juillet 2017
FUTUROSCOPE-ST PIERRE DES CORPS;;20.0;28.5;Tarifs applicables aux circulations jusqu'au 1er juillet 2017
LAVAL-VANNES;;36.0;51.0;Tarifs applicables aux circulations jusqu'au 1er juillet 2017
LAVAL-AURAY;;38.0;54.0;Tarifs applicables aux circulations jusqu'au 1er juillet 2017
LE MANS-REDON;;40.0;58.0;Tarifs applicables aux circulations jusqu'au 1er juillet 2017
BORDEAUX ST JEAN-VENDOME VILLIERS SUR LOIR;;69.0;101.0;Tarifs applicables aux circulations jusqu'au 1er juillet 2017
LA TESTE-POITIERS;;49.0;73.0;Tarifs applicables aux circulations jusqu'au 1er juillet 2017
BREST-PARIS MONTPARNASSE 1 ET 2;20.0;92.0;131.0;Tarifs applicables aux circulations jusqu'au 1er juillet 2017
AEROPORT CDG2 TGV ROISSY - LIBOURNE;20.0;99.0;133.0;Tarifs applicables aux circulations à partir du 2 juillet 2017
LILLE EUROPE - LORIENT;25.0;122.0;161.0;Tarifs applicables aux circulations à partir du 2 juillet 2017
VANNES - DOUAI;25.0;116.0;153.0;Tarifs applicables aux circulations à partir du 2 juillet 2017
DOUAI - AURAY;25.0;116.0;153.0;Tarifs applicables aux circulations à partir du 2 juillet 2017
ANGOULEME - MASSY TGV;20.0;96.0;133.0;Tarifs applicables aux circulations à partir du 2 juillet 2017
ANGERS ST LAUD - PARIS MONTPARNASSE 1 ET 2;20.0;75.0;107.0;Tarifs applicables aux circulations à partir du 2 juillet 2017
LA ROCHELLE VILLE - PARIS MONTPARNASSE 1 ET 2;25.0;94.0;130.0;Tarifs applicables aux circulations à partir du 2 juillet 2017
PARIS MONTPARNASSE 1 ET 2 - TOULOUSE MATABIAU;25.0;121.0;173.0;Tarifs applicables aux circulations à partir du 2 juillet 2017
ANGERS ST LAUD - MASSY TGV;20.0;75.0;107.0;Tarifs applicables aux circulations à partir du 2 juillet 2017
MASSY TGV - LE CROISIC;25.0;88.0;128.0;Tarifs applicables aux circulations à partir du 2 juillet 2017
JUVISY TGV-MARNE LA VALLEE CHESSY;;35.0;47.0;
AVIGNON TGV-MARSEILLE ST CHARLES;;30.0;44.0;
JUVISY TGV-AEROPORT CDG 2 TGV ROISSY;;35.0;47.0;
LE HAVRE-CONFLANS FIN D'OISE;;40.0;47.0;
METZ VILLE-CHAMPAGNE ARDENNE;;46.0;67.0;
VALENCE TGV-LE CREUSOT MONTCEAU MONTCHANIN;15.0;48.0;63.0;
AIX EN PROVENCE TGV-NARBONNE;;49.0;64.0;
TOURCOING-PARIS NORD;15.0;63.0;82.0;
CHERBOURG-MANTES LA J. TGV;;60.0;72.0;
DIJON VILLE-VALENCE;15.0;57.0;76.0;
AVIGNON-LE CREUSOT MONTCEAU MONTCHANIN;;61.0;77.0;
AVIGNON TGV-NICE VILLE;20.0;62.0;88.0;
LYON ST EXUPERY-TOULON;20.0;72.0;101.0;
LILLE FLANDRES-LES AUBRAIS ORLEANS;25.0;88.0;111.0;
LYON ST EXUPERY-ST RAPHAEL VALESCURE;25.0;86.0;121.0;
BESANCON VIOTTE-LISIEUX;25.0;97.0;125.0;
LILLE FLANDRES-TOURS;;101.0;134.0;
ST MAIXENT DEUX SEVRES-TGV HAUTE PICARDIE;25.0;106.0;139.0;
LILLE FLANDRES-FUTUROSCOPE;25.0;109.0;143.0;
FONTAINEBLEAU AVON-AIX EN PROVENCE TGV;25.0;105.0;148.0;
NIORT-ARRAS;25.0;118.0;149.0;
LAMBALLE-ARRAS;25.0;119.0;153.0;
ST BRIEUC-TGV HAUTE PICARDIE;25.0;120.0;158.0;
CAEN-AIME LA PLAGNE;25.0;125.0;165.0;
LISON-ALBERTVILLE;25.0;125.0;165.0;
CARENTAN-BOURG ST MAURICE;25.0;125.0;165.0;
EVREUX EMBRANCHEMENT-LANDRY;25.0;125.0;165.0;
TOURS-AIX EN PROVENCE TGV;25.0;125.0;167.0;
LILLE EUROPE-ST GERVAIS LES BAINS LE FAYET;25.0;127.0;167.0;
AIME LA PLAGNE-DOUAI;25.0;127.0;167.0;
DOUAI-ST MICHEL VALLOIRE;;127.0;167.0;
ARRAS-SALLANCHES COMBLOUX MEGEVE;;127.0;167.0;
DUNKERQUE-MODANE;25.0;127.0;167.0;
DUNKERQUE-ANNECY;25.0;127.0;167.0;
LILLE EUROPE-LA ROCHE SUR FORON;;127.0;167.0;
LA ROCHE SUR FORON-NANTES;25.0;127.0;167.0;
LE HAVRE-MARSEILLE ST CHARLES;25.0;129.0;177.0;
RENNES-VALENCE;25.0;132.0;160.0;
BOURG ST MAURICE-RENNES;25.0;132.0;170.0;
LANDRY-RENNES;25.0;132.0;170.0;
AIME LA PLAGNE-VANNES;30.0;137.0;179.0;
MOUTIERS SALINS BRIDES-AURAY;30.0;137.0;179.0;
LA ROCHE SUR FORON-REDON;30.0;137.0;179.0;
LORIENT-ANNECY;30.0;137.0;179.0;
CHATELLERAULT - ST PIERRE DES CORPS;;16.0;23.5;Tarifs applicables aux circulations à partir du 2 juillet 2017
LE MANS - AURAY;;55.0;82.0;Tarifs applicables aux circulations à partir du 2 juillet 2017
LE MANS - QUIMPERLE;;61.0;90.0;Tarifs applicables aux circulations à partir du 2 juillet 2017
MARNE LA VALLEE CHESSY - LANDERNEAU;20.0;100.0;142.0;Tarifs applicables aux circulations à partir du 2 juillet 2017
MARNE LA VALLEE CHESSY - ROSPORDEN;20.0;103.0;147.0;Tarifs applicables aux circulations à partir du 2 juillet 2017
TOURS - CHATELLERAULT;;16.0;23.5;Tarifs applicables aux circulations à partir du 2 juillet 2017
ANGERS ST LAUD - LYON SAINT EXUPERY TGV;25.0;96.0;135.0;Tarifs applicables aux circulations à partir du 2 juillet 2017
ARRAS-DOUAI;;7.8;11.4;
HENDAYE-BIARRITZ;;8.0;11.9;
BAYEUX-LISON;;8.4;17.0;
METZ VILLE-THIONVILLE;;8.5;13.0;
GUINGAMP-ST BRIEUC;;9.1;13.5;
NURIEUX-BELLEGARDE;;9.3;13.7;
PLOUARET TREGOR-ST BRIEUC;;13.5;20.5;
CASTELNAUDARY-TOULOUSE MATABIAU;;13.7;20.5;
DAX-BIARRITZ;;14.2;20.5;
ARLES-ORANGE;;14.3;21.0;
GROISY THORENS LA CAILLE-SALLANCHES COMBLOUX MEGEVE;;15.5;22.0;
NARBONNE-SETE;;16.5;24.0;
MANTES LA J. TGV-ROUEN RIVE DROITE;;18.5;26.5;
PAU-MORCENX;;19.0;27.0;
DAX-PAU;;19.0;27.0;
MARSEILLE ST CHARLES-HYERES;;19.0;27.0;
TOURCOING-ARRAS;;19.0;35.0;
BREST-PLOUARET TREGOR;;20.0;28.5;
VALENCE-ORANGE;;20.5;30.0;
LES SABLES D'OLONNE-NANTES;;22.0;34.0;
BESANCON VIOTTE-BELFORT;;23.0;35.0;
ANCENIS-LA ROCHE SUR YON;;23.0;35.0;
DIJON VILLE-FRASNE;;24.5;36.0;
ST PERAY-VILLENEUVE LES AVIGNONS;;25.0;38.0;
NIMES-MONTELIMAR;;26.0;38.0;
SAUMUR-VENDOME VILLIERS SUR LOIR;;27.0;40.0;
NANTES-AURAY;;30.0;43.0;
AIX EN PROVENCE TGV-LES ARCS DRAGUIGNAN;;30.0;44.0;
CASTELNAUDARY-MONTPELLIER;;34.0;50.0;
VERSAILLES CHANTIERS-YVETOT;;35.0;50.0;
LIMOGES BENEDICTINS-VIERZON VILLE;15.0;36.0;53.0;
ANGERS ST LAUD-VANNES;;39.0;55.0;
HENDAYE-LIBOURNE;;45.0;65.0;
ANGERS ST LAUD-LORIENT;;45.0;66.0;
LE MANS-LE CROISIC;;45.0;66.0;
LYON PART DIEU-BOURG ST MAURICE;;46.0;67.0;
QUIMPER-VITRE;;46.0;68.0;
HENDAYE-POITIERS;;69.0;101.0;
ST PIERRE DES CORPS-TOULOUSE MATABIAU;25.0;80.0;116.0;
VENDOME-MASSY TGV;;39.0;76.0;
VENDOME-LIBOURNE;;66.0;98.0;
CULOZ-TOULON;;98.0;143.0;
MARNE LA VALLEE CHESSY-MONTPELLIER;25.0;114.0;160.0;
MASSY TGV-MARSEILLE ST CHARLES;25.0;116.0;162.0;
VERSAILLES CHANTIERS-MARSEILLE ST CHARLES;25.0;116.0;162.0;
AVIGNON-MARNE LA VALLEE CHESSY;25.0;116.0;162.0;
LYON PART DIEU-PARIS GARE DE LYON;25.0;97.0;133.0;
BESANCON VIOTTE-MANTES LA JOLIE;20.0;83.0;111.0;
MULHOUSE VILLE-PARIS GARE DE LYON;20.0;114.0;155.0;
ROUEN RIVE DROITE-YVETOT;;10.5;14.8;
LE HAVRE-MEUSE;15.0;60.0;77.0;
CHAMPAGNE ARDENNE-ROUEN RIVE DROITE;15.0;53.0;70.0;
MULHOUSE VILLE-AVIGNON TGV;20.0;114.0;149.0;
METZ VILLE-MONTPELLIER;20.0;124.0;161.0;
STRASBOURG-LYON ST EXUPERY;20.0;87.0;111.0;
Toul-carcassonne;25.0;110.0;142.0;
NEUFCHATEAU-Agde;25.0;99.0;129.0;
NEUFCHATEAU-carcassonne;25.0;106.0;137.0;
ST AVRE - LA CHAMBRE-VERSAILLES CHANTIERS;25.0;109.0;144.0;
ST JEAN DE MAURIENNE ARVAN-VERSAILLES CHANTIERS;25.0;111.0;149.0;
SETE-MASSY TGV;25.0;116.0;162.0;
paris austerlitz-brest;20.0;92.0;131.0;
paris austerlitz-rosporden;20.0;95.0;134.0;
POITIERS-TGV HAUTE PICARDIE;25.0;102.0;129.0;Tarifs applicables aux circulations jusqu'au 1er juillet 2017
LILLE EUROPE-LORIENT;25.0;114.0;150.0;Tarifs applicables aux circulations jusqu'au 1er juillet 2017
LE MANS-NIMES;25.0;125.0;167.0;Tarifs applicables aux circulations jusqu'au 1er juillet 2017
QUIMPERLE-LILLE EUROPE;25.0;125.0;161.0;Tarifs applicables aux circulations jusqu'au 1er juillet 2017
POITIERS-PARIS MONTPARNASSE 1 ET 2;20.0;75.0;107.0;Tarifs applicables aux circulations jusqu'au 1er juillet 2017
ANGOULEME-MASSY TGV;20.0;87.0;121.0;Tarifs applicables aux circulations jusqu'au 1er juillet 2017
MASSY TGV-NANTES;20.0;85.0;122.0;Tarifs applicables aux circulations jusqu'au 1er juillet 2017
AEROPORT CDG 2 TGV ROISSY-RENNES;20.0;80.0;113.0;Tarifs applicables aux circulations jusqu'au 1er juillet 2017
PARIS MONTPARNASSE 1 ET 2-TARBES;25.0;118.0;156.0;Tarifs applicables aux circulations jusqu'au 1er juillet 2017
LYON PERRACHE-RENNES;25.0;108.0;143.0;Tarifs applicables aux circulations jusqu'au 1er juillet 2017
ANGOULEME-FACTURE BIGANOS;;33.0;47.0;Tarifs applicables aux circulations jusqu'au 1er juillet 2017
BORDEAUX ST JEAN-FUTUROSCOPE;;43.0;63.0;Tarifs applicables aux circulations jusqu'au 1er juillet 2017
AEROPORT CDG 2 TGV ROISSY-ST MALO;20.0;85.0;123.0;Tarifs applicables aux circulations jusqu'au 1er juillet 2017
BREST-MASSY TGV;20.0;92.0;131.0;Tarifs applicables aux circulations jusqu'au 1er juillet 2017
CHAMPAGNE ARDENNE - FUTUROSCOPE;25.0;97.0;128.0;Tarifs applicables aux circulations à partir du 2 juillet 2017
QUIMPERLE - TGV HAUTE PICARDIE;25.0;106.0;147.0;Tarifs applicables aux circulations à partir du 2 juillet 2017
LILLE EUROPE - AURAY;25.0;122.0;161.0;Tarifs applicables aux circulations à partir du 2 juillet 2017
MARSEILLE ST CHARLES - ST PIERRE DES CORPS;25.0;125.0;168.0;Tarifs applicables aux circulations à partir du 2 juillet 2017
LE MANS - AIX EN PROVENCE TGV;25.0;125.0;168.0;Tarifs applicables aux circulations à partir du 2 juillet 2017
PARIS MONTPARNASSE 1 ET 2 - BAYONNE;25.0;123.0;173.0;Tarifs applicables aux circulations à partir du 2 juillet 2017
MARNE LA VALLEE CHESSY - ST NAZAIRE;25.0;88.0;128.0;Tarifs applicables aux circulations à partir du 2 juillet 2017
SURGERES - PARIS MONTPARNASSE 1 ET 2;25.0;94.0;130.0;Tarifs applicables aux circulations à partir du 2 juillet 2017
MASSY TGV - VANNES;20.0;97.0;136.0;Tarifs applicables aux circulations à partir du 2 juillet 2017
AEROPORT CDG 2 TGV ROISSY-MASSY PALAISEAU;;35.0;47.0;
MACON LOCHE TGV-VALENCE;15.0;41.0;51.0;
VALENCE-CHALON SUR SAONE;15.0;48.0;63.0;
TOULON-VALENCE;;57.0;82.0;
MARNE LA VALLEE CHESSY-ST PIERRE DES CORPS;15.0;65.0;89.0;
AIX EN PROVENCE TGV-LYON ST EXUPERY;20.0;67.0;89.0;
LYON PERRACHE-AGDE;20.0;70.0;95.0;
LYON PART DIEU-SENS;20.0;78.0;107.0;
AIX EN PROVENCE TGV-BELLEGARDE;20.0;77.0;111.0;
ANGOULEME-PARIS AUSTERLITZ;20.0;87.0;121.0;
LYON PART DIEU-ST RAPHAEL VALESCURE;25.0;86.0;121.0;
LYON PERRACHE-TOULOUSE MATABIAU;25.0;86.0;122.0;
LAVAL-CHAMPAGNE ARDENNE;25.0;92.0;122.0;
BEZIERS-BEAUNE;25.0;84.0;124.0;
LILLE FLANDRES-LE MANS;25.0;92.0;115.0;
LYON PERRACHE-TGV HAUTE PICARDIE;25.0;106.0;146.0;
LYON PART DIEU-ST NAZAIRE;25.0;109.0;145.0;
ROUEN RIVE DROITE-VALENCE;25.0;112.0;154.0;
PORNICHET-LYON PART DIEU;25.0;113.0;150.0;
ANGOULEME-LYON PART DIEU;25.0;116.0;163.0;
LILLE FLANDRES-LIMOGES BENEDICTINS;25.0;119.0;149.0;
TGV HAUTE PICARDIE-ST GERVAIS LES BAINS LE FAYET;25.0;119.0;156.0;
ANNECY-TGV HAUTE PICARDIE;25.0;119.0;156.0;
LILLE FLANDRES-ST BRIEUC;;119.0;153.0;
METZ VILLE-LES ARCS DRAGUIGNAN;20.0;132.0;168.0;
CHERBOURG-CHAMBERY CHALLES LES EAUX;25.0;125.0;165.0;
CHAMBERY CHALLES LES EAUX-DOUAI;25.0;127.0;167.0;
DOUAI-ST GERVAIS LES BAINS LE FAYET;;127.0;167.0;
DUNKERQUE-SALLANCHES COMBLOUX MEGEVE;25.0;127.0;167.0;
GRENOBLE-DOUAI;25.0;127.0;167.0;
AIX EN PROVENCE TGV-ROUEN RIVE DROITE;25.0;129.0;177.0;
ANGERS ST LAUD-NIMES;25.0;133.0;173.0;
ANGERS ST LAUD-AVIGNON;25.0;133.0;173.0;
ST JEAN DE MAURIENNE ARVAN-RENNES;25.0;132.0;170.0;
MOUTIERS SALINS BRIDES-VANNES;30.0;137.0;179.0;
ST JEAN DE MAURIENNE ARVAN-AURAY;;137.0;179.0;
CHAMBERY CHALLES LES EAUX-GUINGAMP;30.0;137.0;179.0;
AVIGNON-LILLE EUROPE;30.0;144.0;180.0;
IRUN-DOUAI;30.0;144.0;174.0;
MODANE-BREST;30.0;147.0;190.0;
ST JEAN DE MAURIENNE ARVAN-QUIMPER;;147.0;190.0;
BREST-LA ROCHE SUR FORON;30.0;147.0;190.0;
ST AVRE LA CHAMBRE-QUIMPER;;147.0;190.0;
LILLE FLANDRES-TOULON;30.0;155.0;196.0;
LILLE EUROPE-MARMANDE;30.0;144.0;174.0;
CHATEAUROUX-MARNE LA VALLEE CHESSY;20.0;69.0;86.0;
DIJON VILLE-MANTES LA J. TGV;;65.0;89.0;
MONTBARD-BELFORT-MONTBELIARD TGV;15.0;53.0;70.0;
COLMAR-LONS LE SAUNIER;15.0;60.0;77.0;
MULHOUSE VILLE-BOURG EN BRESSE;20.0;64.0;82.0;
DIJON VILLE-CARCASSONNE;25.0;107.0;141.0;
BEZIERS-CHALON SUR SAONE;20.0;81.0;107.0;
DIJON VILLE-CANNES;25.0;124.0;161.0;
DIJON VILLE-NICE VILLE;25.0;124.0;161.0;
BESANCON VIOTTE-AVIGNON TGV;20.0;91.0;120.0;
METZ VILLE-TOULON;20.0;132.0;168.0;
NANCY VILLE-CANNES;20.0;135.0;175.0;
NANCY VILLE-NANTES;25.0;121.0;158.0;
LAMBALLE-AEROPORT CDG 2 TGV ROISSY;20.0;84.0;122.0;
PARIS NORD-VALENCE TGV;25.0;107.0;147.0;
PARIS MONTPARNASSE 1 ET 2-SETE;25.0;116.0;162.0;
PARIS MONTPARNASSE 1 ET 2-NARBONNE;25.0;116.0;162.0;
PARIS NORD-LES ARCS DRAGUIGNAN;25.0;132.0;185.0;
AEROPORT CDG 2 TGV ROISSY-MOUTIERS SALINS BRIDES;25.0;118.0;159.0;
AEROPORT CDG 2 TGV ROISSY-ANNECY;25.0;104.0;140.0;
MASSY TGV-ST GERVAIS LES BAINS LE FAYET;25.0;119.0;163.0;
MACON LOCHE TGV-MARNE LA VALLEE CHESSY;20.0;83.0;120.0;
MARNE LA VALLEE CHESSY-BELFORT-MONTBELIARD TGV;20.0;97.0;126.0;
ARLES-MACON LOCHE TGV;20.0;61.0;86.0;
COLMAR-PARIS GARE DE LYON;;112.0;150.0;
AEROPORT CDG 2 TGV ROISSY-SAVERNE;;85.0;124.0;
MEUSE-SAVERNE;15.0;51.0;73.0;
AIME LA PLAGNE-BESANCON FRANCHE-COMTE TGV;20.0;78.0;97.0;
LE POULIGUEN-LE CROISIC;;2.9;5.4;
BIARRITZ-BAYONNE;;3.6;6.5;
LILLE FLANDRES-ROUBAIX;;3.7;7.0;
AIME LA PLAGNE-BOURG ST MAURICE;;5.4;7.8;
AIX EN PROVENCE TGV-MARSEILLE ST CHARLES;;6.4;12.6;
MASSY TGV - BAYONNE;25.0;123.0;173.0;Tarifs applicables aux circulations à partir du 2 juillet 2017
LAVAL - QUIMPERLE;;47.0;69.0;Tarifs applicables aux circulations à partir du 2 juillet 2017
MONTAUBAN VILLE BOURBON - ST PIERRE DES CORPS;25.0;79.0;115.0;Tarifs applicables aux circulations à partir du 2 juillet 2017
LA TESTE - POITIERS;;51.0;76.0;Tarifs applicables aux circulations à partir du 2 juillet 2017
MORLAIX - PARIS MONTPARNASSE 1 ET 2;20.0;99.0;138.0;Tarifs applicables aux circulations à partir du 2 juillet 2017
DOUAI-ST JEAN DE LUZ CIBOURE;30.0;144.0;174.0;
IRUN-ARRAS;30.0;144.0;174.0;
LILLE EUROPE-SETE;30.0;150.0;188.0;
LILLE FLANDRES-PERPIGNAN;30.0;150.0;188.0;
CASTELNAUDARY-LILLE EUROPE;30.0;150.0;188.0;
ETAPLES LE TOUQUET-PARIS NORD;15.0;66.0;86.0;
AVIGNON TGV-LYON ST EXUPERY;15.0;51.0;68.0;
BESANCON VIOTTE-COLMAR;15.0;46.0;61.0;
CANNES-CHALON SUR SAONE;25.0;116.0;151.0;
TOUL-ST RAPHAEL VALESCURE;25.0;135.0;175.0;
NANCY VILLE-VALENCE TGV;25.0;100.0;128.0;
PARIS AUSTERLITZ-MONTAUBAN VILLE BOURBON;25.0;109.0;142.0;
MANTES LA J. TGV-VALENCE TGV;;107.0;147.0;
AEROPORT CDG 2 TGV ROISSY-NICE VILLE;25.0;132.0;185.0;
PARIS NORD-MOUTIERS SALINS BRIDES;25.0;118.0;159.0;
LANDRY-PARIS GARE DE LYON;25.0;118.0;161.0;
AEROPORT CDG 2 TGV ROISSY-BOURG ST MAURICE;25.0;118.0;161.0;
LANDRY-AEROPORT CDG 2 TGV ROISSY;25.0;118.0;161.0;
PARIS GARE DE LYON-EVIAN LES BAINS;25.0;108.0;152.0;
MARNE LA VALLEE CHESSY-ANNEMASSE;25.0;108.0;152.0;
MARNE LA VALLEE CHESSY-ST GERVAIS LES BAINS LE FAYET;25.0;119.0;163.0;
AEROPORT CDG 2 TGV ROISSY-ST GERVAIS LES BAINS LE FAYET;25.0;119.0;163.0;
PARIS GARE DE LYON-MONTELIMAR;25.0;105.0;144.0;
PARIS EST-BAR LE DUC;15.0;44.0;68.0;
LYON PART DIEU-POITIERS;25.0;96.0;135.0;
AIX EN PROVENCE TGV-VENDOME VILLIERS SUR LOIR;25.0;125.0;167.0;
MULHOUSE VILLE-ALBERTVILLE;25.0;98.0;120.0;
AVIGNON-ECOLE VALENTIN;;91.0;120.0;
LANDRY-ECOLE VALENTIN;;78.0;97.0;
CHAMBÉRY-CHAMBÉRY-LAVAL;25.0;120.0;162.0;
TOURCOING-CROIX WASQUEHAL;;2.7;5.8;
CALAIS VILLE-CALAIS FRETHUN;;3.1;6.2;
CAGNES SUR MER-ANTIBES;;3.5;6.8;
MODANE-ST MICHEL VALLOIRE;;5.3;10.7;
BEZIERS-AGDE;;6.7;10.5;
CULOZ-AIX LES BAINS LE REVARD;;6.7;10.4;
GUINGAMP-PLOUARET TREGOR;;7.9;11.5;
LES ARCS DRAGUIGNAN-ST RAPHAEL VALESCURE;;8.2;13.0;
LILLE FLANDRES-DOUAI;;9.6;14.3;
CANNES-NICE VILLE;;9.8;14.8;
ANGERS ST LAUD-SAUMUR;;11.3;17.0;
CHAMBERY CHALLES LES EAUX-ANNECY;;12.6;18.5;
RUFFEC CHARENTE-POITIERS;;14.8;21.5;
DIJON VILLE-CHALON SUR SAONE;;15.0;22.5;
DUNKERQUE-BETHUNE;;16.0;23.0;
ANTIBES-LES ARCS DRAGUIGNAN;;16.5;24.0;
CROIX WASQUEHAL-ARRAS;;17.5;35.0;
LA BAULE ESCOUBLAC-NANTES;;18.5;26.5;
BEZIERS-CARCASSONNE;;18.5;27.0;
LANNION-LAMBALLE;;20.5;30.0;
ARCACHON-LIBOURNE;;20.5;30.0;
MIRAMAS-ORANGE;;20.5;30.0;
LIMOGES BENEDICTINS-BRIVE LA GAILLARDE;;21.0;32.0;
ANCENIS-SABLE;;21.5;31.0;
AIX LES BAINS LE REVARD-BOURG EN BRESSE;;22.0;32.0;
LYON PERRACHE-AIX LES BAINS LE REVARD;;25.0;37.0;
MARSEILLE ST CHARLES-LES ARCS DRAGUIGNAN;;26.0;39.0;
AGEN-BORDEAUX ST JEAN;;26.0;40.0;
DUNKERQUE-DOUAI;;27.0;40.0;
LYON PART DIEU-BELLEGARDE;;27.0;40.0;
SURGERES-CHATELLERAULT;;28.5;42.0;
GRENOBLE-LYON ST EXUPERY;;27.5;48.0;
LYON PART DIEU-BEAUNE;;31.0;45.0;
LA ROCHE SUR FORON-BOURG EN BRESSE;;32.0;46.0;
ANGERS ST LAUD-LE POULIGUEN;;33.0;47.0;
FACTURE BIGANOS-ST JEAN DE LUZ CIBOURE;;34.0;48.0;
GRENOBLE-MACON LOCHE TGV;;36.0;51.0;
MARSEILLE BLANCARDE-MONTELIMAR;;36.0;51.0;
ST JEAN DE MAURIENNE ARVAN-LYON ST EXUPERY;;37.0;52.0;
LE CROISIC-SABLE;;39.0;57.0;
MULHOUSE VILLE-MOUCHARD;;42.0;64.0;
NANTES-ST BRIEUC;;42.0;62.0;
CHERBOURG-EVREUX EMBRANCHEMENT;;44.0;64.0;
QUIMPERLE-VITRE;;45.0;66.0;
VALOGNES-MANTES LA JOLIE;;46.0;68.0;
ANGOULEME-MONTAUBAN VILLE BOURBON;20.0;53.0;78.0;
IRUN-ANGOULEME;;57.0;82.0;
AGEN-ST PIERRE DES CORPS;20.0;69.0;101.0;
AIX EN PROVENCE TGV-AIX LES BAINS LE REVARD;25.0;89.0;119.0;
POITIERS-TARBES;25.0;73.0;105.0;
AIX EN PROVENCE TGV-ANNECY;25.0;91.0;120.0;
MENTON-VENTIMIGLIA STAZIONE;;2.2;4.3;
BASEL SBB-MULHOUSE VILLE;;9.5;14.8;
MACON VILLE-MOUTIERS SALINS BRIDES;;40.0;61.0;
VERSAILLES CHANTIERS-VALOGNES;20.0;52.0;86.0;
VILLENEUVE LES AVIGNONS-ORANGE;;8.3;12.4;
VILLENEUVE LES AVIGNONS-MONTELIMAR;;16.5;23.5;
AVIGNON TGV-ANNECY;20.0;77.0;106.0;
NIMES-LE CREUSOT MONTCEAU MONTCHANIN;20.0;65.0;95.0;
VENDOME-BORDEAUX ST JEAN;20.0;66.0;98.0;
CHAMBERY CHALLES LES EAUX-CANNES;25.0;98.0;152.0;
NIMES-PARIS GARE DE LYON;25.0;114.0;160.0;
STRASBOURG-CHALON SUR SAONE;20.0;78.0;99.0;
METZ VILLE-AVIGNON TGV;25.0;114.0;149.0;
STRASBOURG-LYON PERRACHE;20.0;87.0;111.0;
THIONVILLE-AVIGNON TGV;25.0;121.0;155.0;
CHAMPAGNE ARDENNE-colmar;25.0;90.0;112.0;
MÂCON LOCHÉ TGV-MASSY PALAISEAU;20.0;83.0;120.0;
GRENOBLE-MASSY PALAISEAU;25.0;108.0;145.0;
paris austerlitz-Pornichet;25.0;87.0;126.0;
paris austerlitz-la-teste;25.0;102.0;134.0;
NANTES-TGV HAUTE PICARDIE;25.0;98.0;124.0;Tarifs applicables aux circulations jusqu'au 1er juillet 2017
TGV HAUTE PICARDIE-REDON;;98.0;124.0;Tarifs applicables aux circulations jusqu'au 1er juillet 2017
LILLE FLANDRES-ST MALO;25.0;110.0;140.0;Tarifs applicables aux circulations jusqu'au 1er juillet 2017
AEROPORT CDG 2 TGV ROISSY-NANTES;20.0;85.0;122.0;Tarifs applicables aux circulations jusqu'au 1er juillet 2017
LA BAULE ESCOUBLAC-MARNE LA VALLEE CHESSY;25.0;87.0;126.0;Tarifs applicables aux circulations jusqu'au 1er juillet 2017
AGEN-MASSY TGV;25.0;108.0;140.0;Tarifs applicables aux circulations jusqu'au 1er juillet 2017
MASSY TGV-ORTHEZ;25.0;112.0;147.0;Tarifs applicables aux circulations jusqu'au 1er juillet 2017
FACTURE BIGANOS-ST PIERRE DES CORPS;20.0;60.0;85.0;Tarifs applicables aux circulations jusqu'au 1er juillet 2017
NANTES - TGV HAUTE PICARDIE;25.0;98.0;127.0;Tarifs applicables aux circulations à partir du 2 juillet 2017
CHAMPAGNE ARDENNE - RENNES;25.0;108.0;143.0;Tarifs applicables aux circulations à partir du 2 juillet 2017
TGV HAUTE PICARDIE - AURAY;;106.0;140.0;Tarifs applicables aux circulations à partir du 2 juillet 2017
TGV HAUTE PICARDIE - QUIMPER;25.0;106.0;147.0;Tarifs applicables aux circulations à partir du 2 juillet 2017
ARRAS - ST MALO;25.0;116.0;147.0;Tarifs applicables aux circulations à partir du 2 juillet 2017
MONTPELLIER - RENNES;30.0;148.0;188.0;Tarifs applicables aux circulations à partir du 2 juillet 2017
LA TESTE - PARIS MONTPARNASSE 1 ET 2;25.0;118.0;173.0;Tarifs applicables aux circulations à partir du 2 juillet 2017
CHAMPAGNE ARDENNE-CHALONS EN CHAMPAGNE;;11.3;16.5;
MANTES LA J. TGV-CONFLANS FDO TGV;;35.0;47.0;
MEUSE-NANCY VILLE;;23.5;33.0;
AVIGNON TGV-MONTPELLIER;;25.5;35.0;
EVREUX EMBRANCHEMENT-MARNE LA VALLEE CHESSY;15.0;38.0;48.0;
AEROPORT CDG 2 TGV ROISSY-ROUEN RIVE DROITE;15.0;40.0;48.0;
MACON VILLE-VALENCE;15.0;41.0;51.0;
LILLE FLANDRES-PARIS NORD;15.0;63.0;82.0;
CHAMPAGNE ARDENNE-TGV HAUTE PICARDIE;20.0;65.0;79.0;
AVIGNON TGV-MENTON;20.0;62.0;88.0;
CHAMPAGNE ARDENNE-LILLE EUROPE;20.0;80.0;96.0;
DIJON VILLE-EVREUX EMBRANCHEMENT;20.0;82.0;107.0;
CHAMPAGNE ARDENNE-ARRAS;20.0;82.0;107.0;
FONTAINEBLEAU AVON-LYON PART DIEU;25.0;81.0;110.0;
LYON ST EXUPERY-TGV HAUTE PICARDIE;25.0;106.0;146.0;
LA BAULE ESCOUBLAC-LILLE EUROPE;25.0;108.0;140.0;
LE CREUSOT MONTCEAU MONTCHANIN-DOUAI;25.0;111.0;142.0;
AGEN-CHALON SUR SAONE;25.0;109.0;147.0;
LE CROISIC-LYON PERRACHE;25.0;113.0;150.0;
GUINGAMP-ARRAS;25.0;119.0;153.0;
SURGERES-DOUAI;25.0;122.0;155.0;
NEUFCHATEAU-ANTIBES;25.0;124.0;161.0;
CHERBOURG-BOURG ST MAURICE;25.0;125.0;165.0;
ALBERTVILLE-BERNAY;25.0;125.0;165.0;
LILLE FLANDRES-VALENCE;;127.0;159.0;
LE POULIGUEN-GRENOBLE;25.0;125.0;165.0;
LILLE EUROPE-MOUTIERS SALINS BRIDES;25.0;127.0;167.0;
CHAMBERY CHALLES LES EAUX-ARRAS;25.0;127.0;167.0;
ST JEAN DE MAURIENNE ARVAN-LILLE EUROPE;;127.0;167.0;
LILLE FLANDRES-ST JEAN DE MAURIENNE ARVAN;;127.0;167.0;
DUNKERQUE-MOUTIERS SALINS BRIDES;25.0;127.0;167.0;
LANDRY-ARRAS;25.0;127.0;167.0;
NANTES-BOURG ST MAURICE;25.0;127.0;167.0;
MODANE-RENNES;25.0;132.0;170.0;
GUINGAMP-ST GERVAIS LES BAINS LE FAYET;30.0;137.0;179.0;
GUINGAMP-CLUSES  74;30.0;137.0;179.0;
CHAMBERY CHALLES LES EAUX-AURAY;30.0;137.0;179.0;
ANNECY-AURAY;30.0;137.0;179.0;
LILLE FLANDRES-MONTAUBAN VILLE BOURBON;30.0;144.0;174.0;
ORTHEZ - PARIS MONTPARNASSE 1 ET 2;25.0;123.0;173.0;Tarifs applicables aux circulations à partir du 2 juillet 2017
MASSY TGV - LOURDES;25.0;128.0;173.0;Tarifs applicables aux circulations à partir du 2 juillet 2017
ANGOULEME - FUTUROSCOPE;;25.5;38.0;Tarifs applicables aux circulations à partir du 2 juillet 2017
BORDEAUX ST JEAN - FUTUROSCOPE;;50.0;74.0;Tarifs applicables aux circulations à partir du 2 juillet 2017
LE MANS - LANNION;;56.0;83.0;Tarifs applicables aux circulations à partir du 2 juillet 2017
TOURS - BORDEAUX ST JEAN;20.0;60.0;89.0;Tarifs applicables aux circulations à partir du 2 juillet 2017
LE MANS - LANDERNEAU;;67.0;95.0;Tarifs applicables aux circulations à partir du 2 juillet 2017
AEROPORT CDG2 TGV ROISSY - MORLAIX;20.0;99.0;138.0;Tarifs applicables aux circulations à partir du 2 juillet 2017
MASSY TGV - ROSPORDEN;20.0;103.0;147.0;Tarifs applicables aux circulations à partir du 2 juillet 2017
ANGERS ST LAUD-SABLE;;12.1;18.0;
VANNES-REDON;;13.2;20.0;
METZ VILLE-TOUL;;12.9;20.5;
GUINGAMP-MORLAIX;;13.5;19.5;
DOL-RENNES;;13.6;20.0;
MOUCHARD-MONTBELIARD;;16.0;20.5;
NANTES-LA ROCHE SUR YON;;18.0;24.0;
BELLEGARDE-EVIAN LES BAINS;;17.5;25.0;
BIARRITZ-MORCENX;;19.0;27.0;
LEPIN LE LAC LA BAUCHE-MOUTIERS SALINS BRIDES;;21.0;31.0;
ALBERTVILLE-BOURG EN BRESSE;;22.0;28.5;
RENNES-ST BRIEUC;;21.5;31.0;
CHAMBERY CHALLES LES EAUX-LYON ST EXUPERY;;22.5;42.0;
DUNKERQUE-ARRAS;;23.5;35.0;
CHAMBERY CHALLES LES EAUX-CLUSES  74;;24.0;36.0;
LYON PART DIEU-CHALON SUR SAONE;;27.5;41.0;
LA ROCHELLE VILLE-FUTUROSCOPE;;30.0;44.0;
ST JEAN DE MAURIENNE ARVAN-MACON LOCHE TGV;;40.0;61.0;
GUINGAMP-VITRE;;32.0;46.0;
EVREUX EMBRANCHEMENT-LISON;;35.0;49.0;
CHAMBERY CHALLES LES EAUX-VALENCE TGV;;36.0;66.0;
LE TEIL-MARSEILLE BLANCARDE;;36.0;51.0;
ST JEAN DE MAURIENNE ARVAN-LYON PART DIEU;;37.0;52.0;
AIX EN PROVENCE TGV-CANNES;;38.0;54.0;
BREAUTE BEUZEVILLE-VERSAILLES CHANTIERS;;38.0;54.0;
LE MANS-SAVENAY;;39.0;55.0;
BAYONNE-LIBOURNE;;41.0;58.0;
LAVAL-LANNION;;42.0;61.0;
CARENTAN-MANTES LA J. TGV;;43.0;63.0;
ST JEAN DE LUZ CIBOURE-LIBOURNE;;43.0;63.0;
CHATEAUROUX-JUVISY;15.0;43.0;65.0;
LANDRY-LYON PART DIEU;;45.0;66.0;
LE POULIGUEN-ST PIERRE DES CORPS;;46.0;67.0;
VILLENEUVE LES AVIGNONS-ST RAPHAEL VALESCURE;15.0;46.0;67.0;
GUINGAMP-NANTES;;46.0;67.0;
BREST-VITRE;;46.0;68.0;
LIBOURNE-TOULOUSE MATABIAU;15.0;47.0;69.0;
ANGOULEME-BAYONNE;;52.0;77.0;
RUFFEC CHARENTE-BAYONNE;;55.0;82.0;
AVIGNON TGV-CHAMBERY CHALLES LES EAUX;20.0;69.0;104.0;
BAYONNE-CHATELLERAULT;;68.0;100.0;
POITIERS-TOULOUSE MATABIAU;25.0;72.0;103.0;
LOURDES-CHATELLERAULT;;73.0;105.0;
LEPIN LE LAC LA BAUCHE-ROUEN RIVE DROITE;;121.0;160.0;
CARCASSONNE-PERPIGNAN;;25.0;38.0;
MACON VILLE-LANDRY;15.0;46.0;67.0;
AVIGNON TGV-MIRAMAS;;15.5;22.0;
LISON-MASSY PALAISEAU;20.0;52.0;86.0;
CHERBOURG-MASSY PALAISEAU;20.0;52.0;86.0;
GENEVE-VALENCE;;49.0;75.0;
NIMES-AEROPORT CDG 2 TGV ROISSY;25.0;114.0;160.0;
AVIGNON TGV-MARNE LA VALLEE CHESSY;25.0;116.0;162.0;
AVIGNON TGV-VERSAILLES CHANTIERS;25.0;116.0;162.0;
MASSY TGV-LYON PART DIEU;25.0;97.0;133.0;
LYON PART DIEU-MASSY PALAISEAU;25.0;97.0;133.0;
LYON PERRACHE-MASSY PALAISEAU;25.0;97.0;133.0;
LYON ST EXUPERY-MANTES LA J. TGV;;97.0;133.0;
CAEN-MANTES LA JOLIE;;42.0;51.0;
DOLE VILLE-BELFORT;;30.0;44.0;
STRASBOURG-MASSY TGV;25.0;107.0;143.0;
STRASBOURG-LAVAL;30.0;141.0;182.0;
PARIS EST-SELESTAT;25.0;112.0;150.0;
CULMONT CHALINDREY-ST RAPHAEL VALESCURE;25.0;124.0;161.0;
CULMONT CHALINDREY-carcassonne;25.0;101.0;131.0;
Nancy ville-SETE;25.0;118.0;152.0;
ST JEAN DE MAURIENNE ARVAN-MASSY PALAISEAU;25.0;111.0;149.0;
paris austerlitz-rennes;20.0;80.0;113.0;
paris austerlitz-Les Sables d'Olonne;25.0;85.0;122.0;
paris austerlitz-arcachon;25.0;102.0;134.0;
paris austerlitz-futuroscope;20.0;75.0;107.0;
TGV HAUTE PICARDIE-VANNES;;106.0;134.0;Tarifs applicables aux circulations jusqu'au 1er juillet 2017
TGV HAUTE PICARDIE-AURAY;;106.0;134.0;Tarifs applicables aux circulations jusqu'au 1er juillet 2017
LORRAINE TGV-FUTUROSCOPE;25.0;112.0;149.0;Tarifs applicables aux circulations jusqu'au 1er juillet 2017
ANGOULEME-ARRAS;25.0;119.0;155.0;Tarifs applicables aux circulations jusqu'au 1er juillet 2017
DOUAI-LIBOURNE;25.0;130.0;171.0;Tarifs applicables aux circulations jusqu'au 1er juillet 2017
PAU-PARIS MONTPARNASSE 1 ET 2;25.0;112.0;147.0;Tarifs applicables aux circulations jusqu'au 1er juillet 2017
MASSY TGV-ST BRIEUC;20.0;84.0;122.0;Tarifs applicables aux circulations jusqu'au 1er juillet 2017
PARIS MONTPARNASSE 1 ET 2-ST JEAN DE LUZ CIBOURE;25.0;112.0;147.0;Tarifs applicables aux circulations jusqu'au 1er juillet 2017
LYON PART DIEU-ST PIERRE DES CORPS;25.0;95.0;132.0;Tarifs applicables aux circulations jusqu'au 1er juillet 2017
LAVAL-DOL;;26.5;39.0;Tarifs applicables aux circulations jusqu'au 1er juillet 2017
PAU-FUTUROSCOPE;;70.0;102.0;Tarifs applicables aux circulations jusqu'au 1er juillet 2017
LA TESTE-ST PIERRE DES CORPS;20.0;61.0;87.0;Tarifs applicables aux circulations jusqu'au 1er juillet 2017
LANNION-PARIS MONTPARNASSE 1 ET 2;20.0;91.0;127.0;Tarifs applicables aux circulations jusqu'au 1er juillet 2017
MASSY TGV-DOL;20.0;85.0;123.0;Tarifs applicables aux circulations jusqu'au 1er juillet 2017
MASSY TGV-ST MALO;20.0;85.0;123.0;Tarifs applicables aux circulations jusqu'au 1er juillet 2017
MARNE LA VALLEE CHESSY-ROSPORDEN;20.0;95.0;134.0;Tarifs applicables aux circulations jusqu'au 1er juillet 2017
PARIS MONTPARNASSE 1 ET 2 - ST NAZAIRE;25.0;88.0;128.0;Tarifs applicables aux circulations à partir du 2 juillet 2017
LAMBALLE - PARIS MONTPARNASSE 1 ET 2;20.0;94.0;136.0;Tarifs applicables aux circulations à partir du 2 juillet 2017
PARIS MONTPARNASSE 1 ET 2 - VANNES;20.0;97.0;136.0;Tarifs applicables aux circulations à partir du 2 juillet 2017
LE CROISIC - MARNE LA VALLEE CHESSY;25.0;88.0;128.0;Tarifs applicables aux circulations à partir du 2 juillet 2017
AEROPORT CDG2 TGV ROISSY - VANNES;20.0;97.0;136.0;Tarifs applicables aux circulations à partir du 2 juillet 2017
CONFLANS FIN D'OISE-MANTES LA JOLIE;;35.0;47.0;
MARNE LA VALLEE CHESSY-MASSY PALAISEAU;;35.0;47.0;
LE HAVRE-CONFLANS FDO TGV;;40.0;47.0;
CHAMPAGNE ARDENNE-AEROPORT CDG 2 TGV ROISSY;15.0;44.0;61.0;
LYON PART DIEU-ORANGE;;41.0;58.0;
VALENCE TGV-BELLEGARDE;;46.0;67.0;
CAEN-AEROPORT CDG 2 TGV ROISSY;15.0;57.0;69.0;
VALENCE TGV-BEAUNE;15.0;57.0;76.0;
AIX EN PROVENCE TGV-LYON PERRACHE;20.0;67.0;89.0;
CARCASSONNE-VALENCE TGV;20.0;65.0;95.0;
NIMES-BELLEGARDE;20.0;68.0;101.0;
MACON LOCHE TGV-MARSEILLE ST CHARLES;20.0;75.0;100.0;
CHAMPAGNE ARDENNE-DOUAI;20.0;80.0;96.0;
VALENCE-ANTIBES;20.0;73.0;107.0;
TOURS-CHAMPAGNE ARDENNE;25.0;83.0;110.0;
MEUSE-ST PIERRE DES CORPS;25.0;87.0;115.0;
NURIEUX-PARIS GARE DE LYON;25.0;89.0;127.0;
SAUMUR-LE CREUSOT MONTCEAU MONTCHANIN;25.0;95.0;135.0;
LE MANS-DOUAI;25.0;92.0;115.0;
LAVAL-DOUAI;25.0;97.0;124.0;
ANGERS ST LAUD-ARRAS;25.0;101.0;127.0;
DOUAI-ST PIERRE DES CORPS;25.0;101.0;134.0;
LAROCHE MIGENNES-MARSEILLE ST CHARLES;25.0;95.0;137.0;
LA ROCHE SUR FORON-MARNE LA VALLEE CHESSY;;109.0;150.0;
LA ROCHE SUR FORON-AEROPORT CDG 2 TGV ROISSY;;109.0;150.0;
MELUN-MARSEILLE ST CHARLES;25.0;105.0;148.0;
LILLE EUROPE-LE CREUSOT MONTCEAU MONTCHANIN;25.0;111.0;142.0;
LE HAVRE-VALENCE;25.0;112.0;154.0;
LE MANS-ANNECY;25.0;113.0;151.0;
TOURS-CHAMBERY CHALLES LES EAUX;25.0;114.0;151.0;
LYON ST EXUPERY-LILLE EUROPE;25.0;116.0;154.0;
LAVAL-VALENCE;25.0;116.0;151.0;
ROUEN RIVE DROITE-ALBERTVILLE;25.0;121.0;160.0;
ANGERS ST LAUD-LANDRY;25.0;120.0;161.0;
LE MANS-LA ROCHE SUR FORON;25.0;120.0;162.0;
LAMBALLE-LILLE EUROPE;25.0;119.0;153.0;
CAEN-LANDRY;25.0;125.0;165.0;
CHERBOURG-LANDRY;25.0;125.0;165.0;
CHERBOURG-ALBERTVILLE;25.0;125.0;165.0;
ANNECY-DOUAI;25.0;127.0;168.0;
QUIMPER-DOUAI;25.0;125.0;161.0;
ARRAS-AIX LES BAINS LE REVARD;25.0;127.0;167.0;
MODANE-NANTES;25.0;127.0;167.0;
AVIGNON TGV-ROUEN RIVE DROITE;25.0;129.0;177.0;
NANTES-VALENCE TGV;25.0;132.0;160.0;
AIME LA PLAGNE-RENNES;25.0;132.0;170.0;
LA ROCHE SUR FORON-RENNES;25.0;132.0;170.0;
MODANE-REDON;;137.0;179.0;
ST JEAN DE MAURIENNE ARVAN-REDON;;137.0;179.0;
LANDRY-REDON;30.0;137.0;179.0;
LA ROCHE SUR FORON-AURAY;30.0;137.0;179.0;
AIME LA PLAGNE-REDON;30.0;137.0;179.0;
AVIGNON-DOUAI;30.0;144.0;180.0;
LILLE FLANDRES-BIARRITZ;30.0;144.0;174.0;
AIX EN PROVENCE TGV-LILLE EUROPE;30.0;144.0;184.0;
BREST-MOUTIERS SALINS BRIDES;30.0;147.0;190.0;
BREST-CHAMBERY CHALLES LES EAUX;30.0;147.0;190.0;
QUIMPER-ST GERVAIS LES BAINS LE FAYET;30.0;147.0;190.0;
CARCASSONNE-LILLE EUROPE;30.0;150.0;188.0;
LILLE FLANDRES-BEZIERS;30.0;150.0;188.0;
LILLE FLANDRES-LES ARCS DRAGUIGNAN;;155.0;196.0;
AVIGNON-CARCASSONNE;15.0;54.0;69.0;
LILLE FLANDRES-MARNE LA VALLEE CHESSY;15.0;63.0;82.0;
CALAIS VILLE-PARIS NORD;15.0;66.0;86.0;
AVIGNON-LYON PART DIEU;15.0;51.0;68.0;
LYON PERRACHE-VALENCE TGV;;30.0;38.0;
DIJON VILLE-BESANCON VIOTTE;;24.5;33.0;
PARIS GARE DE LYON-PONTARLIER;20.0;82.0;109.0;
MACON VILLE-BESANCON FRANCHE-COMTE TGV;15.0;41.0;53.0;
NIMES-MACON VILLE;20.0;74.0;97.0;
NANCY VILLE-ST RAPHAEL VALESCURE;20.0;135.0;175.0;
METZ VILLE-CANNES;20.0;143.0;183.0;
DIJON VILLE-LILLE FLANDRES;20.0;111.0;144.0;
LILLE FLANDRES-MULHOUSE VILLE;20.0;136.0;175.0;
MACON VILLE-PERPIGNAN;25.0;84.0;124.0;
LILLE FLANDRES-NANCY VILLE;25.0;102.0;122.0;
LYON PART DIEU-MONTAUBAN VILLE BOURBON;25.0;103.0;139.0;
VENDOME VILLIERS SUR LOIR-PARIS MONTPARNASSE 1 ET 2;15.0;55.0;77.0;
MARNE LA VALLEE CHESSY-MARMANDE;25.0;108.0;140.0;
AEROPORT CDG 2 TGV ROISSY-BAYONNE;25.0;112.0;147.0;
MARNE LA VALLEE CHESSY-BAYONNE;25.0;112.0;147.0;
VERSAILLES CHANTIERS-VALENCE TGV;25.0;107.0;147.0;
MASSY TGV-BOURG ST MAURICE;25.0;118.0;161.0;
MARNE LA VALLEE CHESSY-AIME LA PLAGNE;25.0;118.0;161.0;
PARIS NORD-ANNEMASSE;25.0;108.0;152.0;
MASSY TGV-CLUSES  74;25.0;119.0;163.0;
CLUSES  74-PARIS NORD;25.0;119.0;163.0;
PARIS NORD-ARRAS;15.0;50.0;61.0;
AVIGNON-NIMES;;15.5;21.0;
AVIGNON-CANNES;;57.0;82.0;
LAVAL-NANCY VILLE;25.0;112.0;148.0;
BELFORT-MONTBELIARD TGV-ECOLE VALENTIN;;25.5;34.0;
STRASBOURG-ECOLE VALENTIN;;58.0;76.0;
CHALON SUR SAONE-ECOLE VALENTIN;;30.0;41.0;
VENDOME VILLIERS SUR LOIR-TGV HAUTE PICARDIE;25.0;89.0;119.0;
BELFORT-MONTBELIARD TGV-ALBERTVILLE;25.0;89.0;108.0;
BONNEVILLE-LA ROCHE SUR FORON;;3.6;6.6;
ROSPORDEN-QUIMPER;;6.5;10.0;
BIARRITZ - MASSY TGV;25.0;123.0;173.0;Tarifs applicables aux circulations à partir du 2 juillet 2017
HENDAYE - RUFFEC CHARENTE;;57.0;85.0;Tarifs applicables aux circulations à partir du 2 juillet 2017
MARNE LA VALLEE CHESSY-MANTES LA JOLIE;;35.0;47.0;
MANTES LA J. TGV-LISIEUX;;37.0;45.0;
CAEN-MANTES LA J. TGV;;42.0;51.0;
NIMES-VALENCE TGV;15.0;41.0;55.0;
AIX EN PROVENCE TGV-BEZIERS;;46.0;61.0;
MARNE LA VALLEE CHESSY-LISIEUX;15.0;51.0;63.0;
MARSEILLE ST CHARLES-VALENCE TGV;15.0;48.0;69.0;
NIMES-LYON PART DIEU;15.0;60.0;78.0;
LILLE FLANDRES-JUVISY TGV;15.0;63.0;82.0;
CHERBOURG-AEROPORT CDG 2 TGV ROISSY;20.0;70.0;86.0;
LYON PART DIEU-SETE;20.0;70.0;93.0;
LORRAINE TGV-MARNE LA VALLEE CHESSY;20.0;77.0;110.0;
VALENCE-ST RAPHAEL VALESCURE;;73.0;107.0;
VALENCE TGV-SENS;25.0;83.0;116.0;
TGV HAUTE PICARDIE-ST PIERRE DES CORPS;25.0;89.0;119.0;
CANNES-LYON PART DIEU;25.0;86.0;121.0;
LE HAVRE-LYON PERRACHE;25.0;97.0;133.0;
CULOZ-PARIS NORD;25.0;89.0;127.0;
AGDE-BEAUNE;20.0;84.0;124.0;
TOULON-BEAUNE;25.0;87.0;121.0;
LORRAINE TGV-DOUAI;25.0;102.0;122.0;
FONTAINEBLEAU AVON-VALENCE TGV;25.0;93.0;133.0;
ANGERS ST LAUD-LILLE EUROPE;25.0;101.0;127.0;
MARSEILLE ST CHARLES-NEUFCHATEAU;25.0;98.0;140.0;
LYON PART DIEU-TGV HAUTE PICARDIE;25.0;106.0;146.0;
LORRAINE TGV-ST PIERRE DES CORPS;25.0;106.0;140.0;
LILLE EUROPE-ST NAZAIRE;25.0;108.0;140.0;
LILLE FLANDRES-LYON PART DIEU;25.0;116.0;154.0;
SAUMUR-VALENCE TGV;25.0;116.0;151.0;
AVIGNON-LE MANS;25.0;125.0;167.0;
GRENOBLE-TGV HAUTE PICARDIE;25.0;119.0;156.0;
TGV HAUTE PICARDIE-ALBERTVILLE;25.0;119.0;156.0;
LE MANS-BOURG ST MAURICE;25.0;120.0;162.0;
LE MANS-ST AVRE LA CHAMBRE;25.0;120.0;162.0;
ANGERS ST LAUD-ST AVRE LA CHAMBRE;25.0;120.0;161.0;
LE MANS-ANNEMASSE;25.0;120.0;162.0;
BAYEUX-CHAMBERY CHALLES LES EAUX;25.0;125.0;165.0;
CARENTAN-AIME LA PLAGNE;25.0;125.0;165.0;
ANNECY-RENNES;25.0;124.0;165.0;
ARRAS-ALBERTVILLE;25.0;127.0;167.0;
MOUTIERS SALINS BRIDES-DOUAI;25.0;127.0;167.0;
BREST-LYON PART DIEU;30.0;133.0;172.0;
LYON PERRACHE-MORLAIX;30.0;133.0;172.0;
AIX EN PROVENCE TGV-TGV HAUTE PICARDIE;30.0;136.0;174.0;
LANDRY-VANNES;30.0;137.0;179.0;
LORIENT-ALBERTVILLE;30.0;137.0;179.0;
ALBERTVILLE-AURAY;30.0;137.0;179.0;
LORIENT-AIX LES BAINS LE REVARD;30.0;137.0;179.0;
NIMES-NANTES;30.0;142.0;180.0;
DAX-LILLE EUROPE;30.0;144.0;174.0;
AIX EN PROVENCE TGV-ARRAS;30.0;144.0;184.0;
MORLAIX-SALLANCHES COMBLOUX MEGEVE;30.0;147.0;190.0;
BEZIERS-LILLE EUROPE;30.0;150.0;188.0;
TGV HAUTE PICARDIE-TOULOUSE MATABIAU;30.0;150.0;188.0;
BEZIERS-ARRAS;30.0;150.0;188.0;
FONTAINEBLEAU AVON-LYON ST EXUPERY;25.0;81.0;110.0;
LYON PART DIEU-VALENCE TGV;;30.0;38.0;
JUVISY-LILLE EUROPE;15.0;63.0;82.0;
MULHOUSE VILLE-BESANCON FRANCHE-COMTE TGV;15.0;38.0;49.0;
BELFORT-MONTBELIARD TGV-BESANCON FRANCHE-COMTE TGV;;25.5;34.0;
MULHOUSE VILLE-MACON VILLE;20.0;65.0;84.0;
COLMAR-LYON PART DIEU;20.0;85.0;110.0;
DIJON VILLE-MONTPELLIER;20.0;91.0;122.0;
CHALON SUR SAONE-SETE;;81.0;107.0;
DIJON VILLE-AVIGNON TGV;20.0;81.0;106.0;
CHALON SUR SAONE-ST RAPHAEL VALESCURE;25.0;116.0;151.0;
AVIGNON TGV-MACON VILLE;20.0;65.0;84.0;
BESANCON VIOTTE-MARSEILLE ST CHARLES;20.0;111.0;144.0;
AIX EN PROVENCE TGV-NANCY VILLE;25.0;117.0;151.0;
TOULON-TOUL;25.0;123.0;159.0;
LILLE FLANDRES-BESANCON FRANCHE-COMTE TGV;20.0;120.0;155.0;
CHAMPAGNE ARDENNE-NANCY VILLE;;42.0;57.0;
MARNE LA VALLEE CHESSY-ST BRIEUC;20.0;84.0;122.0;
AGEN-PARIS AUSTERLITZ;25.0;108.0;140.0;
AEROPORT CDG 2 TGV ROISSY-ST JEAN DE LUZ CIBOURE;25.0;112.0;147.0;
HENDAYE-AEROPORT CDG 2 TGV ROISSY;25.0;112.0;147.0;
MARNE LA VALLEE CHESSY-LES ARCS DRAGUIGNAN;25.0;132.0;185.0;
NICE VILLE-PARIS NORD;25.0;132.0;185.0;
CLUSES  74-AEROPORT CDG 2 TGV ROISSY;25.0;119.0;163.0;
MACON LOCHE TGV-AEROPORT CDG 2 TGV ROISSY;20.0;83.0;120.0;
MONTBARD-MANTES LA JOLIE;15.0;57.0;78.0;
MONTBARD-PARIS BERCY;15.0;57.0;78.0;
MANTES LA J. TGV-VALENCE;;103.0;143.0;
PARIS NORD-ST OMER;15.0;64.0;79.0;
LYON ST EXUPERY-RENNES;25.0;108.0;143.0;
LYON ST EXUPERY-FUTUROSCOPE;25.0;96.0;135.0;
BASEL SBB-LYON PART DIEU;25.0;82.0;107.0;
MARNE LA VALLEE CHESSY-SAVERNE;;85.0;124.0;
BASEL SBB-ECOLE VALENTIN;;42.0;57.0;
CHAMBERY CHALLES LES EAUX-MASSY PALAISEAU;25.0;103.0;136.0;
BESANCON VIOTTE-CHAMBERY CHALLES LES EAUX;;63.0;72.0;
MOUTIERS SALINS BRIDES L BAINS-LAVAL-MOUTIERS SALINS BRIDES L BAINS;25.0;120.0;162.0;
MEUSE TGV-LILLE EUROPE-147322;20.0;84.0;121.0;
ST GERVAIS LES BAINS LE FAYET-SALLANCHES COMBLOUX MEGEVE;;2.8;5.3;
RANG DU FLIERS VERTON-ETAPLES LE TOUQUET;;3.9;7.0;
FACTURE BIGANOS-ARCACHON;;5.8;9.2;
AIX EN PROVENCE TGV-MARSEILLE BLANCARDE;;7.7;15.0;
VITRY-LE-FRANÇOIS-CHALONS EN CHAMPAGNE;;8.9;13.6;
NURIEUX-BOURG EN BRESSE;;9.3;13.7;
ANTIBES-MONACO MONTE CARLO;;10.0;14.6;
BESANCON VIOTTE-DOLE VILLE;;11.9;17.5;
LILLE EUROPE-BETHUNE;;13.6;20.0;
SAUMUR-ST PIERRE DES CORPS;;14.7;21.0;
CAGNES SUR MER-ST RAPHAEL VALESCURE;;14.8;29.0;
MELUN-SENS;;15.0;22.0;
RETHEL-SEDAN;;15.5;23.0;
VITRY-LE-FRANÇOIS-REIMS;;16.0;27.0;
RUFFEC CHARENTE-FUTUROSCOPE;;17.0;23.5;
CHATEAUROUX-LA SOUTERRAINE;;18.0;26.0;
ORTHEZ-MORCENX;;19.0;27.0;
RIVES-LYON ST EXUPERY;;20.0;41.0;
ANGERS ST LAUD-LE MANS;;21.0;30.0;
LES ARCS DRAGUIGNAN-VENTIMIGLIA STAZIONE  (IT);;24.0;36.0;
BOURG EN BRESSE-LE CREUSOT MONTCEAU MONTCHANIN;;24.0;37.0;
AIX LES BAINS LE REVARD-ST GERVAIS LES BAINS LE FAYET;;25.0;38.0;
VERSAILLES CHANTIERS-ROUEN RIVE DROITE;;25.5;38.0;
CHAMBERY CHALLES LES EAUX-LYON PERRACHE;;26.0;42.0;
DOLE VILLE-MONTBELIARD;;27.0;41.0;
CHAMBERY CHALLES LES EAUX-ST GERVAIS LES BAINS LE FAYET;;27.0;41.0;
CARCASSONNE-MONTPELLIER;;29.0;43.0;
ANGERS ST LAUD-LA ROCHE SUR YON;;29.0;43.0;
BRIVE LA GAILLARDE-LA SOUTERRAINE;;29.0;44.0;
CULMONT CHALINDREY-NANCY VILLE;;30.0;46.0;
ANGERS ST LAUD-LES SABLES D'OLONNE;;32.0;45.0;
AGEN-LIBOURNE;;33.0;47.0;
QUIMPERLE-RENNES;;36.0;51.0;
CHALONS EN CHAMPAGNE-THIONVILLE;;37.0;54.0;
POITIERS-LIBOURNE;;38.0;53.0;
LE HAVRE-VERSAILLES CHANTIERS;;38.0;54.0;
BREAUTE BEUZEVILLE-MASSY TGV;;38.0;54.0;
LA ROCHELLE VILLE-ST PIERRE DES CORPS;;42.0;61.0;
LES SABLES D'OLONNE-SABLE;;42.0;62.0;
METZ VILLE-IS SUR TILLE;;46.0;68.0;
STRASBOURG-MOUCHARD;;52.0;76.0;
RUFFEC CHARENTE-ST JEAN DE LUZ CIBOURE;;55.0;82.0;
MACON VILLE-BOURG ST MAURICE;15.0;50.0;74.0;
VERSAILLES CHANTIERS-LISON;20.0;52.0;86.0;
EVREUX EMBRANCHEMENT-MASSY PALAISEAU;;17.0;25.0;
VALENCE TGV-MONTELIMAR;;11.3;16.5;
VENDOME-PARIS MONTPARNASSE 1 ET 2;;39.0;76.0;
CHAMBERY CHALLES LES EAUX-NICE VILLE;25.0;102.0;152.0;
BORDEAUX ST JEAN-BEAUNE;25.0;105.0;160.0;
LYON PART DIEU-MANTES LA JOLIE;25.0;97.0;133.0;
MASSY TGV-LYON PERRACHE;25.0;97.0;133.0;
VERSAILLES CHANTIERS-LYON PERRACHE;25.0;97.0;133.0;
VENDOME VILLIERS SUR LOIR-la rochelle;;47.0;68.0;
CHERBOURG-MANTES LA JOLIE;15.0;60.0;72.0;
CAEN-MONTBARD;20.0;78.0;102.0;
COLMAR-MONTBELIARD;;21.0;31.0;
MONTELIMAR-NARBONNE;15.0;43.0;65.0;
BEZIERS-LE CREUSOT MONTCEAU MONTCHANIN;25.0;77.0;113.0;
STRASBOURG-DOUAI;25.0;132.0;152.0;
STRASBOURG-LE MANS;25.0;132.0;170.0;
THIONVILLE-BELFORT-MONTBELIARD TGV;20.0;58.0;82.0;
CULMONT CHALINDREY-toulon;25.0;100.0;137.0;
CULMONT CHALINDREY-Les Arcs Draguignan;25.0;105.0;145.0;
BOURG EN BRESSE-MASSY PALAISEAU;20.0;84.0;121.0;
MULHOUSE-PARIS EST;20.0;114.0;155.0;
MARNE LA VALLEE CHESSY-FUTUROSCOPE;20.0;75.0;107.0;Tarifs applicables aux circulations jusqu'au 1er juillet 2017
ANGOULEME-TGV HAUTE PICARDIE;25.0;109.0;142.0;Tarifs applicables aux circulations jusqu'au 1er juillet 2017
AVIGNON TGV-ST PIERRE DES CORPS;25.0;125.0;167.0;Tarifs applicables aux circulations jusqu'au 1er juillet 2017
MASSY TGV-POITIERS;20.0;75.0;107.0;Tarifs applicables aux circulations jusqu'au 1er juillet 2017
LYON PERRACHE-ST PIERRE DES CORPS;25.0;95.0;132.0;Tarifs applicables aux circulations jusqu'au 1er juillet 2017
MARNE LA VALLEE CHESSY-ST MALO;20.0;85.0;123.0;Tarifs applicables aux circulations jusqu'au 1er juillet 2017
MARNE LA VALLEE CHESSY-MORLAIX;20.0;91.0;127.0;Tarifs applicables aux circulations jusqu'au 1er juillet 2017
AEROPORT CDG 2 TGV ROISSY-QUIMPER;20.0;95.0;134.0;Tarifs applicables aux circulations jusqu'au 1er juillet 2017
MASSY TGV - MARNE LA VALLEE CHESSY;;35.0;47.0;Tarifs applicables aux circulations à partir du 2 juillet 2017
PARIS MONTPARNASSE 1 ET 2 - FUTUROSCOPE;20.0;79.0;113.0;Tarifs applicables aux circulations à partir du 2 juillet 2017
BORDEAUX ST JEAN - MARNE LA VALLEE CHESSY;25.0;111.0;166.0;Tarifs applicables aux circulations à partir du 2 juillet 2017
DOUAI - REDON;25.0;113.0;144.0;Tarifs applicables aux circulations à partir du 2 juillet 2017
LORRAINE TGV - RENNES;25.0;132.0;173.0;Tarifs applicables aux circulations à partir du 2 juillet 2017
MONTPELLIER - ST PIERRE DES CORPS;25.0;125.0;168.0;Tarifs applicables aux circulations à partir du 2 juillet 2017
DAX - PARIS MONTPARNASSE 1 ET 2;25.0;122.0;173.0;Tarifs applicables aux circulations à partir du 2 juillet 2017
LAVAL - MASSY TGV;15.0;78.0;112.0;Tarifs applicables aux circulations à partir du 2 juillet 2017
MASSY TGV - GUINGAMP;20.0;98.0;137.0;Tarifs applicables aux circulations à partir du 2 juillet 2017
LAVAL - REDON;;30.0;44.0;Tarifs applicables aux circulations à partir du 2 juillet 2017
FACTURE BIGANOS - ST PIERRE DES CORPS;20.0;69.0;98.0;Tarifs applicables aux circulations à partir du 2 juillet 2017
CHATELLERAULT - TOULOUSE MATABIAU;;73.0;105.0;Tarifs applicables aux circulations à partir du 2 juillet 2017
LA TESTE - FUTUROSCOPE;;51.0;76.0;Tarifs applicables aux circulations à partir du 2 juillet 2017
STRASBOURG - POITIERS;30.0;146.0;188.0;Tarifs applicables aux circulations à partir du 2 juillet 2017
MARNE LA VALLEE CHESSY - QUIMPER;20.0;103.0;147.0;Tarifs applicables aux circulations à partir du 2 juillet 2017
LILLE FLANDRES - VANNES;25.0;121.0;160.0;Tarifs applicables aux circulations à partir du 2 juillet 2017
LILLE FLANDRES - ROSPORDEN;25.0;131.0;169.0;Tarifs applicables aux circulations à partir du 2 juillet 2017
IRUN-LILLE FLANDRES;30.0;144.0;174.0;
HENDAYE-DOUAI;30.0;144.0;174.0;
IRUN-LILLE EUROPE;30.0;144.0;174.0;
AVIGNON-PERPIGNAN;15.0;48.0;62.0;
CHAMBERY CHALLES LES EAUX-PARIS GARE DE LYON;25.0;103.0;136.0;
LES AUBRAIS ORLEANS-MARNE LA VALLEE CHESSY;;44.0;55.0;
PARIS NORD-AIX LES BAINS LE REVARD;25.0;103.0;136.0;
DIJON VILLE-LILLE EUROPE;20.0;111.0;144.0;
LILLE EUROPE-BELFORT-MONTBELIARD TGV;20.0;129.0;166.0;
DIJON VILLE-AIX EN PROVENCE TGV;20.0;91.0;122.0;
BELFORT-MONTBELIARD TGV-VALENCE TGV;20.0;83.0;108.0;
BESANCON VIOTTE-VALENCE TGV;20.0;73.0;95.0;
BESANCON VIOTTE-LYON PART DIEU;15.0;51.0;68.0;
ANGOULEME-NANCY VILLE;25.0;119.0;156.0;
LE MANS-AEROPORT CDG 2 TGV ROISSY;15.0;60.0;81.0;
AEROPORT CDG 2 TGV ROISSY-ST BRIEUC;20.0;84.0;122.0;
AGEN-MARNE LA VALLEE CHESSY;25.0;108.0;140.0;
AGEN-AEROPORT CDG 2 TGV ROISSY;25.0;108.0;140.0;
BIARRITZ-PARIS AUSTERLITZ;25.0;112.0;147.0;
PARIS AUSTERLITZ-BAYONNE;25.0;112.0;147.0;
MASSY TGV-VALENCE TGV;25.0;107.0;147.0;
AEROPORT CDG 2 TGV ROISSY-AGDE;25.0;116.0;162.0;
PARIS NORD-ANTIBES;25.0;132.0;185.0;
ST AVRE LA CHAMBRE-MARNE LA VALLEE CHESSY;25.0;109.0;144.0;
MODANE-PARIS GARE DE LYON;25.0;113.0;154.0;
AEROPORT CDG 2 TGV ROISSY-BELLEGARDE;25.0;91.0;129.0;
AEROPORT CDG 2 TGV ROISSY-SALLANCHES COMBLOUX MEGEVE;25.0;119.0;163.0;
AEROPORT CDG 2 TGV ROISSY-BELFORT-MONTBELIARD TGV;20.0;97.0;126.0;
MASSY TGV-MEUSE;15.0;44.0;68.0;
LYON ST EXUPERY-ST PIERRE DES CORPS;25.0;95.0;132.0;
AVIGNON-MARSEILLE ST CHARLES;;30.0;44.0;
AVIGNON-ST RAPHAEL VALESCURE;;53.0;77.0;
VENDOME VILLIERS SUR LOIR-MARSEILLE ST CHARLES;25.0;125.0;167.0;
MULHOUSE VILLE-AIME LA PLAGNE;25.0;102.0;127.0;
METZ VILLE-AVIGNON;;114.0;149.0;
MODANE-ST JEAN DE MAURIENNE ARVAN;;8.5;12.6;
DOUAI-VALENCIENNES;;10.0;14.6;
MODANE-ST AVRE LA CHAMBRE;;10.5;14.8;
STRASBOURG-SAVERNE;;10.9;17.0;
ST PERAY-LE TEIL;;11.3;17.0;
CAEN-LISIEUX;;11.9;17.5;
LE MANS-SABLE;;12.1;18.0;
GROISY THORENS LA CAILLE-AIX LES BAINS LE REVARD;;13.2;19.0;
HAZEBROUCK-LILLE EUROPE;;13.2;26.0;
ANNEMASSE-SALLANCHES COMBLOUX MEGEVE;;13.7;20.0;
BESANCON VIOTTE-LONS LE SAUNIER;;17.5;25.5;
MORCENX-BAYONNE;;19.0;27.0;
ARLES-MARSEILLE ST CHARLES;;19.0;27.0;
LYON ST EXUPERY-MACON LOCHE TGV;;19.0;27.0;
LE HAVRE-ROUEN RIVE DROITE;;19.5;27.5;
ST MAIXENT DEUX SEVRES-LA ROCHELLE VILLE;;20.0;28.5;
GUINGAMP-LANDERNEAU;;21.0;30.0;
LAMBALLE-MORLAIX;;22.5;34.0;
ARLES-LE TEIL;;24.0;35.0;
ARLES-MONTELIMAR;;24.0;35.0;
JUVISY TGV-LES AUBRAIS ORLEANS;;24.0;37.0;
LOURDES-MORCENX;;25.0;37.0;
RENNES-VANNES;;25.5;38.0;
LYON ST EXUPERY-AIX LES BAINS LE REVARD;;25.5;42.0;
NANTES-VANNES;;27.0;40.0;
DIJON VILLE-PONTARLIER;;26.5;40.0;
CHATEAUROUX-LES AUBRAIS ORLEANS;;27.0;41.0;
MASSY PALAISEAU-ROUEN RIVE DROITE;;27.5;41.0;
CULMONT CHALINDREY-CHALON SUR SAONE;;31.0;46.0;
MACON LOCHE TGV-ANNECY;;34.0;48.0;
PORNICHET-SABLE;;38.0;54.0;
TOULON-ORANGE;;38.0;54.0;
ETAPLES LE TOUQUET-LILLE EUROPE;;38.0;54.0;
METZ VILLE-CULMONT CHALINDREY;15.0;38.0;58.0;
BRIVE LA GAILLARDE-CHATEAUROUX;15.0;40.0;60.0;
LE MANS-LA ROCHE SUR YON;;41.0;60.0;
VALOGNES-BERNAY;;41.0;64.0;
LE MANS-PORNICHET;;44.0;64.0;
MORLAIX-NANTES;;52.0;78.0;
BORDEAUX ST JEAN-NARBONNE;20.0;61.0;90.0;
BORDEAUX ST JEAN-MONTPELLIER;25.0;72.0;106.0;
AVIGNON TGV-MONTELIMAR;;17.5;24.0;
GRENOBLE-AIX LES BAINS LE REVARD;;17.5;25.0;
MONTPELLIER-LE CREUSOT MONTCEAU MONTCHANIN;25.0;70.0;104.0;
AIX EN PROVENCE TGV-VERSAILLES CHANTIERS;25.0;116.0;162.0;
AVIGNON TGV-AEROPORT CDG 2 TGV ROISSY;25.0;116.0;162.0;
DIJON VILLE-AEROPORT CDG 2 TGV ROISSY;15.0;67.0;90.0;
LE HAVRE-CHAMPAGNE ARDENNE;15.0;53.0;70.0;
DIJON VILLE-MULHOUSE VILLE;15.0;57.0;75.0;
DIJON VILLE-STRASBOURG;20.0;57.0;75.0;
METZ VILLE-MARSEILLE ST CHARLES;20.0;124.0;161.0;
TOUL-VALENCE TGV;20.0;83.0;110.0;
Toul-toulouse matabiau;25.0;117.0;154.0;
Modane-LE CREUSOT MONTCEAU MONTCHANIN;20.0;65.0;93.0;
CHAMBERY CHALLES LES EAUX-LE CREUSOT MONTCEAU MONTCHANIN;15.0;55.0;72.0;
AGEN-SETE;;53.0;79.0;
paris austerlitz-Dol de Bretagne;20.0;85.0;123.0;
paris austerlitz-libourne;20.0;96.0;126.0;
ANGOULEME-DOUAI;25.0;119.0;155.0;Tarifs applicables aux circulations jusqu'au 1er juillet 2017
LILLE EUROPE-LIBOURNE;25.0;130.0;171.0;Tarifs applicables aux circulations jusqu'au 1er juillet 2017
BORDEAUX ST JEAN-PARIS MONTPARNASSE 1 ET 2;20.0;96.0;126.0;Tarifs applicables aux circulations jusqu'au 1er juillet 2017
NIORT-PARIS MONTPARNASSE 1 ET 2;20.0;84.0;118.0;Tarifs applicables aux circulations jusqu'au 1er juillet 2017
MASSY TGV-REDON;20.0;84.0;122.0;Tarifs applicables aux circulations jusqu'au 1er juillet 2017
MASSY TGV-FACTURE BIGANOS;25.0;102.0;134.0;Tarifs applicables aux circulations jusqu'au 1er juillet 2017
BIARRITZ-MASSY TGV;25.0;112.0;147.0;Tarifs applicables aux circulations jusqu'au 1er juillet 2017
ANGERS ST LAUD-LYON PART DIEU;25.0;96.0;135.0;Tarifs applicables aux circulations jusqu'au 1er juillet 2017
LAVAL-ST BRIEUC;;33.0;47.0;Tarifs applicables aux circulations jusqu'au 1er juillet 2017
LAVAL-GUINGAMP;;37.0;52.0;Tarifs applicables aux circulations jusqu'au 1er juillet 2017
ANGOULEME-ST PIERRE DES CORPS;;38.0;53.0;Tarifs applicables aux circulations jusqu'au 1er juillet 2017
LE MANS-LAMBALLE;;41.0;60.0;Tarifs applicables aux circulations jusqu'au 1er juillet 2017
BORDEAUX ST JEAN-POITIERS;;42.0;62.0;Tarifs applicables aux circulations jusqu'au 1er juillet 2017
POITIERS-ARCACHON;;49.0;73.0;Tarifs applicables aux circulations jusqu'au 1er juillet 2017
LE MANS-QUIMPER;;62.0;88.0;Tarifs applicables aux circulations jusqu'au 1er juillet 2017
CHATELLERAULT-MONTAUBAN VILLE BOURBON;;66.0;95.0;Tarifs applicables aux circulations jusqu'au 1er juillet 2017
FACTURE BIGANOS-FUTUROSCOPE;;47.0;68.0;Tarifs applicables aux circulations jusqu'au 1er juillet 2017
LA TESTE-FUTUROSCOPE;;49.0;73.0;Tarifs applicables aux circulations jusqu'au 1er juillet 2017
STRASBOURG-BORDEAUX ST JEAN;30.0;165.0;215.0;Tarifs applicables aux circulations jusqu'au 1er juillet 2017
LORIENT-PARIS MONTPARNASSE 1 ET 2;20.0;91.0;127.0;Tarifs applicables aux circulations jusqu'au 1er juillet 2017
AEROPORT CDG 2 TGV ROISSY-AURAY;20.0;91.0;127.0;Tarifs applicables aux circulations jusqu'au 1er juillet 2017
QUIMPERLE-AEROPORT CDG 2 TGV ROISSY;20.0;95.0;134.0;Tarifs applicables aux circulations jusqu'au 1er juillet 2017
LILLE EUROPE - RENNES;25.0;113.0;144.0;Tarifs applicables aux circulations à partir du 2 juillet 2017
BORDEAUX ST JEAN - LILLE EUROPE;25.0;134.0;177.0;Tarifs applicables aux circulations à partir du 2 juillet 2017
BORDEAUX ST JEAN - MASSY TGV;25.0;111.0;166.0;Tarifs applicables aux circulations à partir du 2 juillet 2017
LE POULIGUEN - PARIS MONTPARNASSE 1 ET 2;25.0;88.0;128.0;Tarifs applicables aux circulations à partir du 2 juillet 2017
LE POULIGUEN - MARNE LA VALLEE CHESSY;25.0;88.0;128.0;Tarifs applicables aux circulations à partir du 2 juillet 2017
MASSY TGV - FACTURE BIGANOS;25.0;118.0;173.0;Tarifs applicables aux circulations à partir du 2 juillet 2017
MEUSE-LORRAINE TGV;;23.5;33.0;
MEUSE-THIONVILLE;;33.0;46.0;
MANTES LA J. TGV-AEROPORT CDG 2 TGV ROISSY;;35.0;47.0;
MARSEILLE ST CHARLES-SETE;;37.0;50.0;
CHAMPAGNE ARDENNE-LORRAINE TGV;;42.0;57.0;
